nabíjecí_stanice,nabíjení_interval_začátek_datum_a_čas,nabíjení_interval_konec_datum_a_čas,spotřeba_hodnota,spotřeba_jednotka
https://data.zdarns.cz/zdroj/centrální-parkoviště/konektor-2-mennekes-22kw,2019-01-31T18:27:00,2019-01-31T18:54:00,1.915,KWH
https://data.zdarns.cz/zdroj/centrální-parkoviště/konektor-2-mennekes-22kw,2019-01-31T18:27:00,2019-01-31T18:27:00,0.000,KWH
https://data.zdarns.cz/zdroj/centrální-parkoviště/konektor-2-mennekes-22kw,2019-01-31T17:07:00,2019-01-31T18:26:00,8.675,KWH
https://data.zdarns.cz/zdroj/centrální-parkoviště/konektor-2-mennekes-22kw,2019-01-31T14:00:00,2019-01-31T14:35:00,3.895,KWH
https://data.zdarns.cz/zdroj/centrální-parkoviště/konektor-2-mennekes-22kw,2019-01-31T08:01:00,2019-01-31T09:34:00,7.781,KWH
https://data.zdarns.cz/zdroj/centrální-parkoviště/konektor-2-mennekes-22kw,2019-01-30T16:25:00,2019-01-30T17:08:00,3.249,KWH
https://data.zdarns.cz/zdroj/centrální-parkoviště/konektor-2-mennekes-22kw,2019-01-30T07:51:00,2019-01-30T10:08:00,12.383,KWH
https://data.zdarns.cz/zdroj/centrální-parkoviště/konektor-2-mennekes-22kw,2019-01-29T14:56:00,2019-01-29T16:09:00,8.074,KWH
https://data.zdarns.cz/zdroj/centrální-parkoviště/konektor-2-mennekes-22kw,2019-01-29T06:51:00,2019-01-29T07:53:00,6.125,KWH
https://data.zdarns.cz/zdroj/centrální-parkoviště/konektor-2-mennekes-22kw,2019-01-28T11:29:00,2019-01-28T13:27:00,10.329,KWH
https://data.zdarns.cz/zdroj/centrální-parkoviště/konektor-2-mennekes-22kw,2019-01-28T10:45:00,2019-01-28T11:27:00,4.634,KWH
https://data.zdarns.cz/zdroj/centrální-parkoviště/konektor-2-mennekes-22kw,2019-01-28T08:38:00,2019-01-28T09:51:00,5.458,KWH
https://data.zdarns.cz/zdroj/centrální-parkoviště/konektor-2-mennekes-22kw,2019-01-28T07:45:00,2019-01-28T08:26:00,4.453,KWH
https://data.zdarns.cz/zdroj/centrální-parkoviště/konektor-2-mennekes-22kw,2019-01-25T19:00:00,2019-01-25T20:46:00,11.446,KWH
https://data.zdarns.cz/zdroj/centrální-parkoviště/konektor-2-mennekes-22kw,2019-01-25T18:25:00,2019-01-25T18:45:00,2.170,KWH
https://data.zdarns.cz/zdroj/centrální-parkoviště/konektor-2-mennekes-22kw,2019-01-25T13:06:00,2019-01-25T14:07:00,4.715,KWH
https://data.zdarns.cz/zdroj/centrální-parkoviště/konektor-2-mennekes-22kw,2019-01-22T18:38:00,2019-01-22T19:24:00,5.004,KWH
https://data.zdarns.cz/zdroj/centrální-parkoviště/konektor-2-mennekes-22kw,2019-01-22T16:58:00,2019-01-22T18:12:00,8.223,KWH
https://data.zdarns.cz/zdroj/centrální-parkoviště/konektor-2-mennekes-22kw,2019-01-20T10:29:00,2019-01-20T12:07:00,7.333,KWH
https://data.zdarns.cz/zdroj/centrální-parkoviště/konektor-2-mennekes-22kw,2019-01-19T11:12:00,2019-01-19T11:57:00,2.051,KWH
https://data.zdarns.cz/zdroj/centrální-parkoviště/konektor-2-mennekes-22kw,2019-01-19T11:03:00,2019-01-19T11:10:00,0.411,KWH
https://data.zdarns.cz/zdroj/centrální-parkoviště/konektor-2-mennekes-22kw,2019-01-18T14:46:00,2019-01-18T15:56:00,3.756,KWH
https://data.zdarns.cz/zdroj/centrální-parkoviště/konektor-2-mennekes-22kw,2019-01-18T10:02:00,2019-01-18T10:27:00,1.921,KWH
https://data.zdarns.cz/zdroj/centrální-parkoviště/konektor-2-mennekes-22kw,2019-01-17T19:31:00,2019-01-17T19:55:00,1.905,KWH
https://data.zdarns.cz/zdroj/centrální-parkoviště/konektor-2-mennekes-22kw,2019-01-17T09:38:00,2019-01-17T10:44:00,7.283,KWH
https://data.zdarns.cz/zdroj/centrální-parkoviště/konektor-2-mennekes-22kw,2019-01-16T09:14:00,2019-01-16T10:08:00,3.740,KWH
https://data.zdarns.cz/zdroj/centrální-parkoviště/konektor-2-mennekes-22kw,2019-01-08T20:00:00,2019-01-08T20:35:00,3.768,KWH
https://data.zdarns.cz/zdroj/centrální-parkoviště/konektor-2-mennekes-22kw,2019-01-08T15:31:00,2019-01-08T16:59:00,6.596,KWH
https://data.zdarns.cz/zdroj/centrální-parkoviště/konektor-2-mennekes-22kw,2019-01-08T15:20:00,2019-01-08T15:31:00,0.818,KWH
https://data.zdarns.cz/zdroj/centrální-parkoviště/konektor-2-mennekes-22kw,2019-01-08T15:06:00,2019-01-08T15:15:00,0.645,KWH
https://data.zdarns.cz/zdroj/centrální-parkoviště/konektor-2-mennekes-22kw,2019-01-08T13:11:00,2019-01-08T15:05:00,12.535,KWH
https://data.zdarns.cz/zdroj/centrální-parkoviště/konektor-2-mennekes-22kw,2019-01-08T11:03:00,2019-01-08T12:26:00,9.138,KWH
https://data.zdarns.cz/zdroj/centrální-parkoviště/konektor-2-mennekes-22kw,2019-01-07T07:30:00,2019-01-07T07:49:00,1.996,KWH
https://data.zdarns.cz/zdroj/centrální-parkoviště/konektor-2-mennekes-22kw,2019-01-06T11:49:00,2019-01-06T12:41:00,5.120,KWH
https://data.zdarns.cz/zdroj/centrální-parkoviště/konektor-2-mennekes-22kw,2019-01-04T14:41:00,2019-01-04T15:41:00,6.253,KWH
https://data.zdarns.cz/zdroj/centrální-parkoviště/konektor-2-mennekes-22kw,2019-01-03T19:42:00,2019-01-03T20:24:00,3.558,KWH
https://data.zdarns.cz/zdroj/centrální-parkoviště/konektor-2-mennekes-22kw,2019-01-02T10:17:00,2019-01-02T11:08:00,5.578,KWH
https://data.zdarns.cz/zdroj/centrální-parkoviště/konektor-2-mennekes-22kw,2019-02-23T19:04:00,2019-02-23T19:40:00,3.948,KWH
https://data.zdarns.cz/zdroj/centrální-parkoviště/konektor-2-mennekes-22kw,2019-02-21T17:42:00,2019-02-21T18:51:00,4.126,KWH
https://data.zdarns.cz/zdroj/centrální-parkoviště/konektor-2-mennekes-22kw,2019-02-19T19:16:00,2019-02-19T20:08:00,3.136,KWH
https://data.zdarns.cz/zdroj/centrální-parkoviště/konektor-2-mennekes-22kw,2019-02-18T17:44:00,2019-02-18T18:01:00,1.019,KWH
https://data.zdarns.cz/zdroj/centrální-parkoviště/konektor-2-mennekes-22kw,2019-02-16T09:54:00,2019-02-16T10:21:00,3.058,KWH
https://data.zdarns.cz/zdroj/centrální-parkoviště/konektor-2-mennekes-22kw,2019-02-14T14:00:00,2019-02-14T14:46:00,3.413,KWH
https://data.zdarns.cz/zdroj/centrální-parkoviště/konektor-2-mennekes-22kw,2019-02-14T07:46:00,2019-02-14T08:58:00,5.838,KWH
https://data.zdarns.cz/zdroj/centrální-parkoviště/konektor-2-mennekes-22kw,2019-02-13T16:44:00,2019-02-13T17:37:00,5.856,KWH
https://data.zdarns.cz/zdroj/centrální-parkoviště/konektor-2-mennekes-22kw,2019-02-12T21:34:00,2019-02-12T21:39:00,0.000,KWH
https://data.zdarns.cz/zdroj/centrální-parkoviště/konektor-2-mennekes-22kw,2019-02-12T21:33:00,2019-02-12T21:34:00,0.000,KWH
https://data.zdarns.cz/zdroj/centrální-parkoviště/konektor-2-mennekes-22kw,2019-02-12T21:30:00,2019-02-12T21:30:00,0.000,KWH
https://data.zdarns.cz/zdroj/centrální-parkoviště/konektor-2-mennekes-22kw,2019-02-12T21:25:00,2019-02-12T21:30:00,0.000,KWH
https://data.zdarns.cz/zdroj/centrální-parkoviště/konektor-2-mennekes-22kw,2019-02-12T15:13:00,2019-02-12T16:44:00,10.175,KWH
https://data.zdarns.cz/zdroj/centrální-parkoviště/konektor-2-mennekes-22kw,2019-02-12T09:19:00,2019-02-12T10:26:00,2.008,KWH
https://data.zdarns.cz/zdroj/centrální-parkoviště/konektor-2-mennekes-22kw,2019-02-11T10:35:00,2019-02-11T11:18:00,3.623,KWH
https://data.zdarns.cz/zdroj/centrální-parkoviště/konektor-2-mennekes-22kw,2019-02-09T12:16:00,2019-02-09T13:01:00,2.905,KWH
https://data.zdarns.cz/zdroj/centrální-parkoviště/konektor-2-mennekes-22kw,2019-02-08T19:09:00,2019-02-08T20:55:00,11.710,KWH
https://data.zdarns.cz/zdroj/centrální-parkoviště/konektor-2-mennekes-22kw,2019-02-08T10:08:00,2019-02-08T12:37:00,15.418,KWH
https://data.zdarns.cz/zdroj/centrální-parkoviště/konektor-2-mennekes-22kw,2019-02-08T07:35:00,2019-02-08T08:24:00,5.438,KWH
https://data.zdarns.cz/zdroj/centrální-parkoviště/konektor-2-mennekes-22kw,2019-02-07T09:42:00,2019-02-07T18:49:00,32.939,KWH
https://data.zdarns.cz/zdroj/centrální-parkoviště/konektor-2-mennekes-22kw,2019-02-05T12:53:00,2019-02-05T15:08:00,14.759,KWH
https://data.zdarns.cz/zdroj/centrální-parkoviště/konektor-2-mennekes-22kw,2019-02-05T08:33:00,2019-02-05T09:31:00,21.268,KWH
https://data.zdarns.cz/zdroj/centrální-parkoviště/konektor-2-mennekes-22kw,2019-02-05T07:14:00,2019-02-05T07:43:00,3.269,KWH
https://data.zdarns.cz/zdroj/centrální-parkoviště/konektor-2-mennekes-22kw,2019-02-03T13:43:00,2019-02-03T14:50:00,5.514,KWH
https://data.zdarns.cz/zdroj/centrální-parkoviště/konektor-2-mennekes-22kw,2019-02-03T08:38:00,2019-02-03T08:56:00,1.991,KWH
https://data.zdarns.cz/zdroj/centrální-parkoviště/konektor-2-mennekes-22kw,2019-02-02T10:12:00,2019-02-02T10:43:00,3.479,KWH
https://data.zdarns.cz/zdroj/centrální-parkoviště/konektor-2-mennekes-22kw,2019-02-01T20:23:00,2019-02-01T21:44:00,7.113,KWH
https://data.zdarns.cz/zdroj/centrální-parkoviště/konektor-2-mennekes-22kw,2019-02-01T16:58:00,2019-02-01T18:14:00,8.195,KWH
https://data.zdarns.cz/zdroj/centrální-parkoviště/konektor-2-mennekes-22kw,2019-02-01T16:08:00,2019-02-01T16:18:00,1.099,KWH
https://data.zdarns.cz/zdroj/centrální-parkoviště/zasuvka-230v,2019-02-12T21:34:00,2019-02-12T21:39:00,0.001,KWH
https://data.zdarns.cz/zdroj/centrální-parkoviště/zasuvka-230v,2019-02-12T21:33:00,2019-02-12T21:34:00,0.001,KWH
https://data.zdarns.cz/zdroj/centrální-parkoviště/zasuvka-230v,2019-02-12T21:30:00,2019-02-12T21:30:00,0.001,KWH
https://data.zdarns.cz/zdroj/centrální-parkoviště/zasuvka-230v,2019-02-12T21:25:00,2019-02-12T21:30:00,0.001,KWH
https://data.zdarns.cz/zdroj/stará-radnice/stojan-1,2019-02-12T21:34:00,2019-02-12T21:39:00,0.001,KWH
https://data.zdarns.cz/zdroj/stará-radnice/stojan-1,2019-02-12T21:33:00,2019-02-12T21:34:00,0.001,KWH
https://data.zdarns.cz/zdroj/stará-radnice/stojan-1,2019-02-12T21:30:00,2019-02-12T21:30:00,0.001,KWH
https://data.zdarns.cz/zdroj/stará-radnice/stojan-1,2019-02-12T21:25:00,2019-02-12T21:30:00,0.001,KWH
https://data.zdarns.cz/zdroj/centrální-parkoviště/konektor-2-mennekes-22kw,2019-03-31T08:43:00,2019-03-31T11:11:00,41.983,KWH
https://data.zdarns.cz/zdroj/centrální-parkoviště/konektor-2-mennekes-22kw,2019-03-30T11:32:00,2019-03-30T12:09:00,1.859,KWH
https://data.zdarns.cz/zdroj/centrální-parkoviště/konektor-2-mennekes-22kw,2019-03-29T16:41:00,2019-03-29T16:41:00,0.005,KWH
https://data.zdarns.cz/zdroj/centrální-parkoviště/konektor-2-mennekes-22kw,2019-03-29T16:03:00,2019-03-29T16:39:00,2.168,KWH
https://data.zdarns.cz/zdroj/centrální-parkoviště/konektor-2-mennekes-22kw,2019-03-29T14:25:00,2019-03-29T15:35:00,4.051,KWH
https://data.zdarns.cz/zdroj/centrální-parkoviště/konektor-2-mennekes-22kw,2019-03-28T12:19:00,2019-03-28T13:21:00,6.943,KWH
https://data.zdarns.cz/zdroj/centrální-parkoviště/konektor-2-mennekes-22kw,2019-03-28T09:54:00,2019-03-28T10:37:00,4.481,KWH
https://data.zdarns.cz/zdroj/centrální-parkoviště/konektor-2-mennekes-22kw,2019-03-28T07:29:00,2019-03-28T09:02:00,10.334,KWH
https://data.zdarns.cz/zdroj/centrální-parkoviště/konektor-2-mennekes-22kw,2019-03-27T09:41:00,2019-03-27T10:29:00,3.525,KWH
https://data.zdarns.cz/zdroj/centrální-parkoviště/konektor-2-mennekes-22kw,2019-03-26T12:24:00,2019-03-26T13:10:00,5.163,KWH
https://data.zdarns.cz/zdroj/centrální-parkoviště/konektor-2-mennekes-22kw,2019-03-25T18:02:00,2019-03-25T19:42:00,6.043,KWH
https://data.zdarns.cz/zdroj/centrální-parkoviště/konektor-2-mennekes-22kw,2019-03-25T11:34:00,2019-03-25T12:22:00,17.033,KWH
https://data.zdarns.cz/zdroj/centrální-parkoviště/konektor-2-mennekes-22kw,2019-03-25T11:33:00,2019-03-25T11:34:00,0.001,KWH
https://data.zdarns.cz/zdroj/centrální-parkoviště/konektor-2-mennekes-22kw,2019-03-25T11:32:00,2019-03-25T11:32:00,0.003,KWH
https://data.zdarns.cz/zdroj/centrální-parkoviště/konektor-2-mennekes-22kw,2019-03-22T09:42:00,2019-03-22T10:35:00,3.953,KWH
https://data.zdarns.cz/zdroj/centrální-parkoviště/konektor-2-mennekes-22kw,2019-03-21T19:49:00,2019-03-21T22:35:00,19.371,KWH
https://data.zdarns.cz/zdroj/centrální-parkoviště/konektor-2-mennekes-22kw,2019-03-20T18:02:00,2019-03-20T21:56:00,25.655,KWH
https://data.zdarns.cz/zdroj/centrální-parkoviště/konektor-2-mennekes-22kw,2019-03-19T20:44:00,2019-03-19T21:03:00,1.155,KWH
https://data.zdarns.cz/zdroj/centrální-parkoviště/konektor-2-mennekes-22kw,2019-03-18T14:02:00,2019-03-18T14:02:00,0.001,KWH
https://data.zdarns.cz/zdroj/centrální-parkoviště/konektor-2-mennekes-22kw,2019-03-18T13:34:00,2019-03-18T14:01:00,9.788,KWH
https://data.zdarns.cz/zdroj/centrální-parkoviště/konektor-2-mennekes-22kw,2019-03-15T20:27:00,2019-03-15T21:27:00,3.579,KWH
https://data.zdarns.cz/zdroj/centrální-parkoviště/konektor-2-mennekes-22kw,2019-03-10T17:27:00,2019-03-10T18:56:00,6.596,KWH
https://data.zdarns.cz/zdroj/centrální-parkoviště/konektor-2-mennekes-22kw,2019-03-09T16:32:00,2019-03-09T19:36:00,20.085,KWH
https://data.zdarns.cz/zdroj/centrální-parkoviště/konektor-2-mennekes-22kw,2019-03-09T13:00:00,2019-03-09T13:46:00,2.791,KWH
https://data.zdarns.cz/zdroj/centrální-parkoviště/konektor-2-mennekes-22kw,2019-03-08T16:03:00,2019-03-08T18:41:00,17.266,KWH
https://data.zdarns.cz/zdroj/centrální-parkoviště/konektor-2-mennekes-22kw,2019-03-07T12:44:00,2019-03-07T14:21:00,10.656,KWH
https://data.zdarns.cz/zdroj/centrální-parkoviště/konektor-2-mennekes-22kw,2019-03-07T11:41:00,2019-03-07T12:16:00,3.825,KWH
https://data.zdarns.cz/zdroj/centrální-parkoviště/konektor-2-mennekes-22kw,2019-03-07T10:21:00,2019-03-07T11:25:00,7.100,KWH
https://data.zdarns.cz/zdroj/centrální-parkoviště/zasuvka-230v,2019-03-20T07:00:00,2019-03-20T13:57:00,9.979,KWH
https://data.zdarns.cz/zdroj/centrální-parkoviště/zasuvka-230v,2019-03-20T06:24:00,2019-03-20T06:52:00,0.370,KWH
https://data.zdarns.cz/zdroj/centrální-parkoviště/konektor-2-mennekes-22kw,2019-04-30T16:40:00,2019-04-30T17:45:00,7.108,KWH
https://data.zdarns.cz/zdroj/centrální-parkoviště/konektor-2-mennekes-22kw,2019-04-30T15:52:00,2019-04-30T16:25:00,3.666,KWH
https://data.zdarns.cz/zdroj/centrální-parkoviště/konektor-2-mennekes-22kw,2019-04-29T16:34:00,2019-04-29T16:53:00,2.239,KWH
https://data.zdarns.cz/zdroj/centrální-parkoviště/konektor-2-mennekes-22kw,2019-04-29T14:05:00,2019-04-29T16:28:00,15.619,KWH
https://data.zdarns.cz/zdroj/centrální-parkoviště/konektor-2-mennekes-22kw,2019-04-28T19:07:00,2019-04-28T20:30:00,25.148,KWH
https://data.zdarns.cz/zdroj/centrální-parkoviště/konektor-2-mennekes-22kw,2019-04-28T17:49:00,2019-04-28T19:01:00,7.858,KWH
https://data.zdarns.cz/zdroj/centrální-parkoviště/konektor-2-mennekes-22kw,2019-04-28T13:27:00,2019-04-28T13:29:00,0.003,KWH
https://data.zdarns.cz/zdroj/centrální-parkoviště/konektor-2-mennekes-22kw,2019-04-28T13:23:00,2019-04-28T13:25:00,0.003,KWH
https://data.zdarns.cz/zdroj/centrální-parkoviště/konektor-2-mennekes-22kw,2019-04-28T13:20:00,2019-04-28T13:22:00,0.003,KWH
https://data.zdarns.cz/zdroj/centrální-parkoviště/konektor-2-mennekes-22kw,2019-04-28T13:11:00,2019-04-28T13:19:00,0.841,KWH
https://data.zdarns.cz/zdroj/centrální-parkoviště/konektor-2-mennekes-22kw,2019-04-28T11:31:00,2019-04-28T12:36:00,7.043,KWH
https://data.zdarns.cz/zdroj/centrální-parkoviště/konektor-2-mennekes-22kw,2019-04-28T07:24:00,2019-04-28T10:08:00,36.950,KWH
https://data.zdarns.cz/zdroj/centrální-parkoviště/konektor-2-mennekes-22kw,2019-04-26T20:38:00,2019-04-26T21:02:00,8.184,KWH
https://data.zdarns.cz/zdroj/centrální-parkoviště/konektor-2-mennekes-22kw,2019-04-26T19:58:00,2019-04-26T20:31:00,3.669,KWH
https://data.zdarns.cz/zdroj/centrální-parkoviště/konektor-2-mennekes-22kw,2019-04-26T19:23:00,2019-04-26T19:58:00,2.040,KWH
https://data.zdarns.cz/zdroj/centrální-parkoviště/konektor-2-mennekes-22kw,2019-04-26T11:53:00,2019-04-26T12:49:00,6.259,KWH
https://data.zdarns.cz/zdroj/centrální-parkoviště/konektor-2-mennekes-22kw,2019-04-26T11:01:00,2019-04-26T11:50:00,5.410,KWH
https://data.zdarns.cz/zdroj/centrální-parkoviště/konektor-2-mennekes-22kw,2019-04-26T08:48:00,2019-04-26T09:27:00,4.266,KWH
https://data.zdarns.cz/zdroj/centrální-parkoviště/konektor-2-mennekes-22kw,2019-04-25T15:45:00,2019-04-25T16:30:00,4.930,KWH
https://data.zdarns.cz/zdroj/centrální-parkoviště/konektor-2-mennekes-22kw,2019-04-25T13:15:00,2019-04-25T15:00:00,11.560,KWH
https://data.zdarns.cz/zdroj/centrální-parkoviště/konektor-2-mennekes-22kw,2019-04-25T12:47:00,2019-04-25T13:14:00,2.916,KWH
https://data.zdarns.cz/zdroj/centrální-parkoviště/konektor-2-mennekes-22kw,2019-04-25T07:14:00,2019-04-25T07:54:00,3.408,KWH
https://data.zdarns.cz/zdroj/centrální-parkoviště/konektor-2-mennekes-22kw,2019-04-24T18:19:00,2019-04-24T19:51:00,5.553,KWH
https://data.zdarns.cz/zdroj/centrální-parkoviště/konektor-2-mennekes-22kw,2019-04-24T15:00:00,2019-04-24T16:48:00,11.879,KWH
https://data.zdarns.cz/zdroj/centrální-parkoviště/konektor-2-mennekes-22kw,2019-04-24T08:46:00,2019-04-24T09:44:00,5.544,KWH
https://data.zdarns.cz/zdroj/centrální-parkoviště/konektor-2-mennekes-22kw,2019-04-23T21:31:00,2019-04-23T23:01:00,9.713,KWH
https://data.zdarns.cz/zdroj/centrální-parkoviště/konektor-2-mennekes-22kw,2019-04-23T14:16:00,2019-04-23T18:19:00,26.643,KWH
https://data.zdarns.cz/zdroj/centrální-parkoviště/konektor-2-mennekes-22kw,2019-04-23T12:35:00,2019-04-23T13:31:00,6.205,KWH
https://data.zdarns.cz/zdroj/centrální-parkoviště/konektor-2-mennekes-22kw,2019-04-22T19:03:00,2019-04-22T01:31:00,36.493,KWH
https://data.zdarns.cz/zdroj/centrální-parkoviště/konektor-2-mennekes-22kw,2019-04-21T20:40:00,2019-04-21T22:28:00,5.876,KWH
https://data.zdarns.cz/zdroj/centrální-parkoviště/konektor-2-mennekes-22kw,2019-04-21T08:32:00,2019-04-21T11:14:00,46.059,KWH
https://data.zdarns.cz/zdroj/centrální-parkoviště/konektor-2-mennekes-22kw,2019-04-20T15:13:00,2019-04-20T16:18:00,7.208,KWH
https://data.zdarns.cz/zdroj/centrální-parkoviště/konektor-2-mennekes-22kw,2019-04-20T10:32:00,2019-04-20T12:14:00,11.230,KWH
https://data.zdarns.cz/zdroj/centrální-parkoviště/konektor-2-mennekes-22kw,2019-04-20T09:40:00,2019-04-20T09:58:00,2.010,KWH
https://data.zdarns.cz/zdroj/centrální-parkoviště/konektor-2-mennekes-22kw,2019-04-18T16:07:00,2019-04-18T18:18:00,14.484,KWH
https://data.zdarns.cz/zdroj/centrální-parkoviště/konektor-2-mennekes-22kw,2019-04-18T14:53:00,2019-04-18T14:56:00,0.349,KWH
https://data.zdarns.cz/zdroj/centrální-parkoviště/konektor-2-mennekes-22kw,2019-04-18T11:54:00,2019-04-18T12:45:00,5.705,KWH
https://data.zdarns.cz/zdroj/centrální-parkoviště/konektor-2-mennekes-22kw,2019-04-17T22:33:00,2019-04-17T05:00:00,36.120,KWH
https://data.zdarns.cz/zdroj/centrální-parkoviště/konektor-2-mennekes-22kw,2019-04-16T19:00:00,2019-04-16T19:18:00,1.070,KWH
https://data.zdarns.cz/zdroj/centrální-parkoviště/konektor-2-mennekes-22kw,2019-04-16T14:41:00,2019-04-16T15:25:00,2.686,KWH
https://data.zdarns.cz/zdroj/centrální-parkoviště/konektor-2-mennekes-22kw,2019-04-16T12:43:00,2019-04-16T14:24:00,11.029,KWH
https://data.zdarns.cz/zdroj/centrální-parkoviště/konektor-2-mennekes-22kw,2019-04-15T07:33:00,2019-04-15T11:31:00,25.576,KWH
https://data.zdarns.cz/zdroj/centrální-parkoviště/konektor-2-mennekes-22kw,2019-04-15T07:31:00,2019-04-15T07:32:00,0.116,KWH
https://data.zdarns.cz/zdroj/centrální-parkoviště/konektor-2-mennekes-22kw,2019-04-14T16:41:00,2019-04-14T17:17:00,3.973,KWH
https://data.zdarns.cz/zdroj/centrální-parkoviště/konektor-2-mennekes-22kw,2019-04-12T17:27:00,2019-04-12T18:05:00,2.275,KWH
https://data.zdarns.cz/zdroj/centrální-parkoviště/konektor-2-mennekes-22kw,2019-04-12T15:59:00,2019-04-12T16:30:00,1.824,KWH
https://data.zdarns.cz/zdroj/centrální-parkoviště/konektor-2-mennekes-22kw,2019-04-11T19:46:00,2019-04-11T21:22:00,5.769,KWH
https://data.zdarns.cz/zdroj/centrální-parkoviště/konektor-2-mennekes-22kw,2019-04-09T12:57:00,2019-04-09T12:58:00,0.001,KWH
https://data.zdarns.cz/zdroj/centrální-parkoviště/konektor-2-mennekes-22kw,2019-04-09T12:53:00,2019-04-09T12:53:00,0.001,KWH
https://data.zdarns.cz/zdroj/centrální-parkoviště/konektor-2-mennekes-22kw,2019-04-09T12:36:00,2019-04-09T12:36:00,0.003,KWH
https://data.zdarns.cz/zdroj/centrální-parkoviště/konektor-2-mennekes-22kw,2019-04-09T12:35:00,2019-04-09T12:36:00,0.001,KWH
https://data.zdarns.cz/zdroj/centrální-parkoviště/konektor-2-mennekes-22kw,2019-04-09T12:34:00,2019-04-09T12:34:00,0.001,KWH
https://data.zdarns.cz/zdroj/centrální-parkoviště/konektor-2-mennekes-22kw,2019-04-09T12:33:00,2019-04-09T12:33:00,0.001,KWH
https://data.zdarns.cz/zdroj/centrální-parkoviště/konektor-2-mennekes-22kw,2019-04-09T12:24:00,2019-04-09T12:24:00,0.001,KWH
https://data.zdarns.cz/zdroj/centrální-parkoviště/konektor-2-mennekes-22kw,2019-04-09T12:23:00,2019-04-09T12:23:00,0.001,KWH
https://data.zdarns.cz/zdroj/centrální-parkoviště/konektor-2-mennekes-22kw,2019-04-09T11:49:00,2019-04-09T12:06:00,6.086,KWH
https://data.zdarns.cz/zdroj/centrální-parkoviště/konektor-2-mennekes-22kw,2019-04-07T09:27:00,2019-04-07T11:18:00,31.286,KWH
https://data.zdarns.cz/zdroj/centrální-parkoviště/konektor-2-mennekes-22kw,2019-04-05T19:19:00,2019-04-05T22:53:00,11.290,KWH
https://data.zdarns.cz/zdroj/centrální-parkoviště/konektor-2-mennekes-22kw,2019-04-05T16:41:00,2019-04-05T17:44:00,23.323,KWH
https://data.zdarns.cz/zdroj/centrální-parkoviště/zasuvka-230v,2019-04-28T13:36:00,2019-04-28T18:14:00,10.394,KWH
https://data.zdarns.cz/zdroj/centrální-parkoviště/zasuvka-230v,2019-04-28T13:32:00,2019-04-28T13:35:00,0.094,KWH
https://data.zdarns.cz/zdroj/centrální-parkoviště/zasuvka-230v,2019-04-26T19:26:00,2019-04-26T20:48:00,2.115,KWH
https://data.zdarns.cz/zdroj/centrální-parkoviště/zasuvka-230v,2019-04-12T16:50:00,2019-04-12T18:01:00,2.191,KWH
https://data.zdarns.cz/zdroj/centrální-parkoviště/zasuvka-230v,2019-04-11T19:48:00,2019-04-11T20:20:00,1.203,KWH
https://data.zdarns.cz/zdroj/centrální-parkoviště/zasuvka-230v,2019-04-11T11:58:00,2019-04-11T12:49:00,1.500,KWH
https://data.zdarns.cz/zdroj/centrální-parkoviště/zasuvka-230v,2019-04-09T13:03:00,2019-04-09T13:56:00,2.448,KWH
https://data.zdarns.cz/zdroj/centrální-parkoviště/zasuvka-230v,2019-04-08T16:30:00,2019-04-08T16:50:00,0.826,KWH
https://data.zdarns.cz/zdroj/stará-radnice/stojan-1,2019-04-05T13:42:00,2019-04-05T13:43:00,0.001,KWH
https://data.zdarns.cz/zdroj/centrální-parkoviště/konektor-2-mennekes-22kw,2019-05-30T19:43:00,2019-05-30T22:20:00,12.823,KWH
https://data.zdarns.cz/zdroj/centrální-parkoviště/konektor-2-mennekes-22kw,2019-05-30T12:17:00,2019-05-30T12:50:00,3.595,KWH
https://data.zdarns.cz/zdroj/centrální-parkoviště/konektor-2-mennekes-22kw,2019-05-29T20:26:00,2019-05-29T21:54:00,5.155,KWH
https://data.zdarns.cz/zdroj/centrální-parkoviště/konektor-2-mennekes-22kw,2019-05-29T19:09:00,2019-05-29T19:29:00,1.184,KWH
https://data.zdarns.cz/zdroj/centrální-parkoviště/konektor-2-mennekes-22kw,2019-05-29T07:31:00,2019-05-29T09:04:00,10.305,KWH
https://data.zdarns.cz/zdroj/centrální-parkoviště/konektor-2-mennekes-22kw,2019-05-28T17:46:00,2019-05-28T18:52:00,7.289,KWH
https://data.zdarns.cz/zdroj/centrální-parkoviště/konektor-2-mennekes-22kw,2019-05-28T11:31:00,2019-05-28T12:08:00,4.126,KWH
https://data.zdarns.cz/zdroj/centrální-parkoviště/konektor-2-mennekes-22kw,2019-05-28T08:10:00,2019-05-28T08:38:00,2.741,KWH
https://data.zdarns.cz/zdroj/centrální-parkoviště/konektor-2-mennekes-22kw,2019-05-26T20:05:00,2019-05-26T20:39:00,3.645,KWH
https://data.zdarns.cz/zdroj/centrální-parkoviště/konektor-2-mennekes-22kw,2019-05-26T15:53:00,2019-05-26T18:36:00,7.398,KWH
https://data.zdarns.cz/zdroj/centrální-parkoviště/konektor-2-mennekes-22kw,2019-05-26T10:45:00,2019-05-26T11:15:00,3.288,KWH
https://data.zdarns.cz/zdroj/centrální-parkoviště/konektor-2-mennekes-22kw,2019-05-24T08:00:00,2019-05-24T08:44:00,4.851,KWH
https://data.zdarns.cz/zdroj/centrální-parkoviště/konektor-2-mennekes-22kw,2019-05-23T20:30:00,2019-05-23T23:43:00,21.086,KWH
https://data.zdarns.cz/zdroj/centrální-parkoviště/konektor-2-mennekes-22kw,2019-05-23T19:56:00,2019-05-23T20:29:00,2.009,KWH
https://data.zdarns.cz/zdroj/centrální-parkoviště/konektor-2-mennekes-22kw,2019-05-23T17:51:00,2019-05-23T18:59:00,7.514,KWH
https://data.zdarns.cz/zdroj/centrální-parkoviště/konektor-2-mennekes-22kw,2019-05-23T13:35:00,2019-05-23T14:26:00,14.271,KWH
https://data.zdarns.cz/zdroj/centrální-parkoviště/konektor-2-mennekes-22kw,2019-05-21T18:31:00,2019-05-21T19:32:00,6.726,KWH
https://data.zdarns.cz/zdroj/centrální-parkoviště/konektor-2-mennekes-22kw,2019-05-21T14:48:00,2019-05-21T15:22:00,2.516,KWH
https://data.zdarns.cz/zdroj/centrální-parkoviště/konektor-2-mennekes-22kw,2019-05-20T19:21:00,2019-05-20T21:12:00,12.001,KWH
https://data.zdarns.cz/zdroj/centrální-parkoviště/konektor-2-mennekes-22kw,2019-05-20T13:11:00,2019-05-20T17:09:00,12.621,KWH
https://data.zdarns.cz/zdroj/centrální-parkoviště/konektor-2-mennekes-22kw,2019-05-19T22:37:00,2019-05-19T00:17:00,5.853,KWH
https://data.zdarns.cz/zdroj/centrální-parkoviště/konektor-2-mennekes-22kw,2019-05-19T14:52:00,2019-05-19T16:56:00,26.448,KWH
https://data.zdarns.cz/zdroj/centrální-parkoviště/konektor-2-mennekes-22kw,2019-05-19T11:38:00,2019-05-19T13:22:00,29.349,KWH
https://data.zdarns.cz/zdroj/centrální-parkoviště/konektor-2-mennekes-22kw,2019-05-19T11:38:00,2019-05-19T11:38:00,0.001,KWH
https://data.zdarns.cz/zdroj/centrální-parkoviště/konektor-2-mennekes-22kw,2019-05-19T08:43:00,2019-05-19T10:55:00,35.654,KWH
https://data.zdarns.cz/zdroj/centrální-parkoviště/konektor-2-mennekes-22kw,2019-05-18T20:51:00,2019-05-18T01:14:00,15.513,KWH
https://data.zdarns.cz/zdroj/centrální-parkoviště/konektor-2-mennekes-22kw,2019-05-18T19:37:00,2019-05-18T20:37:00,6.599,KWH
https://data.zdarns.cz/zdroj/centrální-parkoviště/konektor-2-mennekes-22kw,2019-05-18T18:41:00,2019-05-18T18:58:00,6.014,KWH
https://data.zdarns.cz/zdroj/centrální-parkoviště/konektor-2-mennekes-22kw,2019-05-18T08:01:00,2019-05-18T08:02:00,0.001,KWH
https://data.zdarns.cz/zdroj/centrální-parkoviště/konektor-2-mennekes-22kw,2019-05-18T07:59:00,2019-05-18T08:00:00,0.001,KWH
https://data.zdarns.cz/zdroj/centrální-parkoviště/konektor-2-mennekes-22kw,2019-05-17T20:51:00,2019-05-17T01:14:00,15.471,KWH
https://data.zdarns.cz/zdroj/centrální-parkoviště/konektor-2-mennekes-22kw,2019-05-17T12:50:00,2019-05-17T15:43:00,10.245,KWH
https://data.zdarns.cz/zdroj/centrální-parkoviště/konektor-2-mennekes-22kw,2019-05-16T19:41:00,2019-05-16T23:27:00,13.269,KWH
https://data.zdarns.cz/zdroj/centrální-parkoviště/konektor-2-mennekes-22kw,2019-05-16T17:35:00,2019-05-16T18:50:00,8.299,KWH
https://data.zdarns.cz/zdroj/centrální-parkoviště/konektor-2-mennekes-22kw,2019-05-16T16:09:00,2019-05-16T17:34:00,6.315,KWH
https://data.zdarns.cz/zdroj/centrální-parkoviště/konektor-2-mennekes-22kw,2019-05-16T11:23:00,2019-05-16T12:33:00,8.254,KWH
https://data.zdarns.cz/zdroj/centrální-parkoviště/konektor-2-mennekes-22kw,2019-05-16T09:24:00,2019-05-16T10:45:00,9.029,KWH
https://data.zdarns.cz/zdroj/centrální-parkoviště/konektor-2-mennekes-22kw,2019-05-15T10:59:00,2019-05-15T11:00:00,0.028,KWH
https://data.zdarns.cz/zdroj/centrální-parkoviště/konektor-2-mennekes-22kw,2019-05-15T08:43:00,2019-05-15T10:58:00,7.775,KWH
https://data.zdarns.cz/zdroj/centrální-parkoviště/konektor-2-mennekes-22kw,2019-05-14T19:06:00,2019-05-14T20:21:00,8.224,KWH
https://data.zdarns.cz/zdroj/centrální-parkoviště/konektor-2-mennekes-22kw,2019-05-14T07:28:00,2019-05-14T07:59:00,3.463,KWH
https://data.zdarns.cz/zdroj/centrální-parkoviště/konektor-2-mennekes-22kw,2019-05-13T15:00:00,2019-05-13T15:38:00,4.275,KWH
https://data.zdarns.cz/zdroj/centrální-parkoviště/konektor-2-mennekes-22kw,2019-05-13T07:44:00,2019-05-13T07:44:00,0.029,KWH
https://data.zdarns.cz/zdroj/centrální-parkoviště/konektor-2-mennekes-22kw,2019-05-11T19:30:00,2019-05-11T19:31:00,0.000,KWH
https://data.zdarns.cz/zdroj/centrální-parkoviště/konektor-2-mennekes-22kw,2019-05-11T15:37:00,2019-05-11T15:39:00,0.003,KWH
https://data.zdarns.cz/zdroj/centrální-parkoviště/konektor-2-mennekes-22kw,2019-05-11T15:29:00,2019-05-11T15:31:00,0.003,KWH
https://data.zdarns.cz/zdroj/centrální-parkoviště/konektor-2-mennekes-22kw,2019-05-11T15:13:00,2019-05-11T15:14:00,0.003,KWH
https://data.zdarns.cz/zdroj/centrální-parkoviště/konektor-2-mennekes-22kw,2019-05-11T12:27:00,2019-05-11T12:35:00,0.830,KWH
https://data.zdarns.cz/zdroj/centrální-parkoviště/konektor-2-mennekes-22kw,2019-05-11T09:46:00,2019-05-11T12:25:00,9.380,KWH
https://data.zdarns.cz/zdroj/centrální-parkoviště/konektor-2-mennekes-22kw,2019-05-10T21:07:00,2019-05-10T00:01:00,10.034,KWH
https://data.zdarns.cz/zdroj/centrální-parkoviště/konektor-2-mennekes-22kw,2019-05-10T16:26:00,2019-05-10T18:01:00,5.524,KWH
https://data.zdarns.cz/zdroj/centrální-parkoviště/konektor-2-mennekes-22kw,2019-05-10T13:46:00,2019-05-10T16:21:00,44.375,KWH
https://data.zdarns.cz/zdroj/centrální-parkoviště/konektor-2-mennekes-22kw,2019-05-09T21:34:00,2019-05-09T23:20:00,4.449,KWH
https://data.zdarns.cz/zdroj/centrální-parkoviště/konektor-2-mennekes-22kw,2019-05-09T21:01:00,2019-05-09T21:30:00,4.788,KWH
https://data.zdarns.cz/zdroj/centrální-parkoviště/konektor-2-mennekes-22kw,2019-05-09T19:01:00,2019-05-09T20:12:00,7.828,KWH
https://data.zdarns.cz/zdroj/centrální-parkoviště/konektor-2-mennekes-22kw,2019-05-07T19:33:00,2019-05-07T20:41:00,7.393,KWH
https://data.zdarns.cz/zdroj/centrální-parkoviště/konektor-2-mennekes-22kw,2019-05-07T14:03:00,2019-05-07T14:41:00,2.288,KWH
https://data.zdarns.cz/zdroj/centrální-parkoviště/konektor-2-mennekes-22kw,2019-05-06T13:56:00,2019-05-06T16:29:00,5.423,KWH
https://data.zdarns.cz/zdroj/centrální-parkoviště/konektor-2-mennekes-22kw,2019-05-06T13:31:00,2019-05-06T13:55:00,1.268,KWH
https://data.zdarns.cz/zdroj/centrální-parkoviště/konektor-2-mennekes-22kw,2019-05-06T09:50:00,2019-05-06T13:30:00,17.093,KWH
https://data.zdarns.cz/zdroj/centrální-parkoviště/konektor-2-mennekes-22kw,2019-05-04T08:09:00,2019-05-04T08:32:00,2.473,KWH
https://data.zdarns.cz/zdroj/centrální-parkoviště/konektor-2-mennekes-22kw,2019-05-03T20:40:00,2019-05-03T21:20:00,2.355,KWH
https://data.zdarns.cz/zdroj/centrální-parkoviště/konektor-2-mennekes-22kw,2019-05-02T22:15:00,2019-05-02T23:07:00,5.735,KWH
https://data.zdarns.cz/zdroj/centrální-parkoviště/konektor-2-mennekes-22kw,2019-05-02T18:33:00,2019-05-02T21:12:00,17.498,KWH
https://data.zdarns.cz/zdroj/centrální-parkoviště/konektor-2-mennekes-22kw,2019-05-02T08:11:00,2019-05-02T08:24:00,0.775,KWH
https://data.zdarns.cz/zdroj/centrální-parkoviště/konektor-2-mennekes-22kw,2019-05-01T15:53:00,2019-05-01T16:54:00,6.781,KWH
https://data.zdarns.cz/zdroj/centrální-parkoviště/konektor-2-mennekes-22kw,2019-05-01T10:56:00,2019-05-01T12:48:00,12.626,KWH
https://data.zdarns.cz/zdroj/centrální-parkoviště/konektor-2-mennekes-22kw,2019-05-01T07:25:00,2019-05-01T08:35:00,7.751,KWH
https://data.zdarns.cz/zdroj/centrální-parkoviště/zasuvka-230v,2019-05-27T19:50:00,2019-05-27T21:28:00,3.699,KWH
https://data.zdarns.cz/zdroj/centrální-parkoviště/zasuvka-230v,2019-05-26T16:00:00,2019-05-26T16:27:00,0.313,KWH
https://data.zdarns.cz/zdroj/centrální-parkoviště/zasuvka-230v,2019-05-19T13:19:00,2019-05-19T13:54:00,1.259,KWH
https://data.zdarns.cz/zdroj/centrální-parkoviště/zasuvka-230v,2019-05-18T20:45:00,2019-05-18T21:47:00,2.389,KWH
https://data.zdarns.cz/zdroj/centrální-parkoviště/zasuvka-230v,2019-05-18T19:42:00,2019-05-18T20:31:00,2.040,KWH
https://data.zdarns.cz/zdroj/centrální-parkoviště/zasuvka-230v,2019-05-16T17:19:00,2019-05-16T17:35:00,0.606,KWH
https://data.zdarns.cz/zdroj/centrální-parkoviště/zasuvka-230v,2019-05-14T07:36:00,2019-05-14T08:09:00,0.618,KWH
https://data.zdarns.cz/zdroj/centrální-parkoviště/zasuvka-230v,2019-05-12T19:14:00,2019-05-12T21:27:00,4.936,KWH
https://data.zdarns.cz/zdroj/centrální-parkoviště/zasuvka-230v,2019-05-12T00:24:00,2019-05-12T00:27:00,0.121,KWH
https://data.zdarns.cz/zdroj/centrální-parkoviště/zasuvka-230v,2019-05-11T19:11:00,2019-05-11T00:23:00,15.795,KWH
https://data.zdarns.cz/zdroj/centrální-parkoviště/zasuvka-230v,2019-05-10T16:24:00,2019-05-10T16:25:00,0.015,KWH
https://data.zdarns.cz/zdroj/centrální-parkoviště/zasuvka-230v,2019-05-09T21:08:00,2019-05-09T21:28:00,0.081,KWH
https://data.zdarns.cz/zdroj/centrální-parkoviště/zasuvka-230v,2019-05-09T21:07:00,2019-05-09T21:08:00,0.001,KWH
https://data.zdarns.cz/zdroj/centrální-parkoviště/zasuvka-230v,2019-05-07T19:30:00,2019-05-07T19:32:00,0.073,KWH
https://data.zdarns.cz/zdroj/centrální-parkoviště/zasuvka-230v,2019-05-06T16:08:00,2019-05-06T16:12:00,0.154,KWH
https://data.zdarns.cz/zdroj/centrální-parkoviště/zasuvka-230v,2019-05-04T00:04:00,2019-05-04T08:09:00,12.365,KWH
https://data.zdarns.cz/zdroj/centrální-parkoviště/zasuvka-230v,2019-05-03T20:51:00,2019-05-03T21:10:00,0.013,KWH
https://data.zdarns.cz/zdroj/centrální-parkoviště/zasuvka-230v,2019-05-03T07:37:00,2019-05-03T10:14:00,5.678,KWH
https://data.zdarns.cz/zdroj/centrální-parkoviště/zasuvka-230v,2019-05-01T08:20:00,2019-05-01T08:24:00,0.070,KWH
https://data.zdarns.cz/zdroj/centrální-parkoviště/konektor-2-mennekes-22kw,2019-06-25T16:26:00,2019-06-25T17:04:00,4.255,KWH
https://data.zdarns.cz/zdroj/centrální-parkoviště/konektor-2-mennekes-22kw,2019-06-21T16:44:00,2019-06-21T18:41:00,13.034,KWH
https://data.zdarns.cz/zdroj/centrální-parkoviště/konektor-2-mennekes-22kw,2019-06-18T14:55:00,2019-06-18T15:48:00,5.770,KWH
https://data.zdarns.cz/zdroj/centrální-parkoviště/konektor-2-mennekes-22kw,2019-06-13T19:34:00,2019-06-13T20:26:00,3.080,KWH
https://data.zdarns.cz/zdroj/centrální-parkoviště/konektor-2-mennekes-22kw,2019-06-10T14:12:00,2019-06-10T14:37:00,1.489,KWH
https://data.zdarns.cz/zdroj/centrální-parkoviště/konektor-2-mennekes-22kw,2019-06-09T08:37:00,2019-06-09T11:13:00,34.245,KWH
https://data.zdarns.cz/zdroj/centrální-parkoviště/konektor-2-mennekes-22kw,2019-06-08T21:44:00,2019-06-08T22:54:00,4.176,KWH
https://data.zdarns.cz/zdroj/centrální-parkoviště/konektor-2-mennekes-22kw,2019-06-08T13:59:00,2019-06-08T14:23:00,1.428,KWH
https://data.zdarns.cz/zdroj/centrální-parkoviště/konektor-2-mennekes-22kw,2019-06-07T19:54:00,2019-06-07T22:01:00,7.008,KWH
https://data.zdarns.cz/zdroj/centrální-parkoviště/konektor-2-mennekes-22kw,2019-06-06T15:15:00,2019-06-06T16:24:00,7.526,KWH
https://data.zdarns.cz/zdroj/centrální-parkoviště/konektor-2-mennekes-22kw,2019-06-05T21:47:00,2019-06-05T00:45:00,13.429,KWH
https://data.zdarns.cz/zdroj/centrální-parkoviště/konektor-2-mennekes-22kw,2019-06-04T13:22:00,2019-06-04T14:46:00,4.881,KWH
https://data.zdarns.cz/zdroj/centrální-parkoviště/konektor-2-mennekes-22kw,2019-06-03T11:25:00,2019-06-03T11:32:00,0.743,KWH
https://data.zdarns.cz/zdroj/centrální-parkoviště/konektor-2-mennekes-22kw,2019-06-02T17:54:00,2019-06-02T18:39:00,2.664,KWH
https://data.zdarns.cz/zdroj/centrální-parkoviště/konektor-2-mennekes-22kw,2019-06-01T12:45:00,2019-06-01T15:04:00,15.156,KWH
https://data.zdarns.cz/zdroj/centrální-parkoviště/konektor-2-mennekes-22kw,2019-07-31T15:56:00,2019-07-31T16:35:00,2.083,KWH
https://data.zdarns.cz/zdroj/centrální-parkoviště/konektor-2-mennekes-22kw,2019-07-31T10:39:00,2019-07-31T10:57:00,1.066,KWH
https://data.zdarns.cz/zdroj/centrální-parkoviště/konektor-2-mennekes-22kw,2019-07-24T18:44:00,2019-07-24T19:42:00,3.185,KWH
https://data.zdarns.cz/zdroj/centrální-parkoviště/konektor-2-mennekes-22kw,2019-07-22T18:43:00,2019-07-22T19:07:00,2.861,KWH
https://data.zdarns.cz/zdroj/centrální-parkoviště/konektor-2-mennekes-22kw,2019-07-22T17:57:00,2019-07-22T18:16:00,1.091,KWH
https://data.zdarns.cz/zdroj/centrální-parkoviště/konektor-2-mennekes-22kw,2019-07-17T22:22:00,2019-07-17T23:14:00,3.115,KWH
https://data.zdarns.cz/zdroj/centrální-parkoviště/konektor-2-mennekes-22kw,2019-07-16T18:32:00,2019-07-16T19:23:00,3.074,KWH
https://data.zdarns.cz/zdroj/centrální-parkoviště/konektor-2-mennekes-22kw,2019-07-16T15:57:00,2019-07-16T16:07:00,0.794,KWH
https://data.zdarns.cz/zdroj/centrální-parkoviště/konektor-2-mennekes-22kw,2019-07-15T22:20:00,2019-07-15T22:48:00,1.678,KWH
https://data.zdarns.cz/zdroj/centrální-parkoviště/konektor-2-mennekes-22kw,2019-07-14T17:19:00,2019-07-14T18:47:00,5.008,KWH
https://data.zdarns.cz/zdroj/centrální-parkoviště/konektor-2-mennekes-22kw,2019-07-13T15:05:00,2019-07-13T16:43:00,17.219,KWH
https://data.zdarns.cz/zdroj/centrální-parkoviště/konektor-2-mennekes-22kw,2019-07-13T12:46:00,2019-07-13T13:11:00,1.508,KWH
https://data.zdarns.cz/zdroj/centrální-parkoviště/konektor-2-mennekes-22kw,2019-07-11T19:53:00,2019-07-11T20:23:00,3.319,KWH
https://data.zdarns.cz/zdroj/centrální-parkoviště/konektor-2-mennekes-22kw,2019-07-09T15:22:00,2019-07-09T15:46:00,2.603,KWH
https://data.zdarns.cz/zdroj/centrální-parkoviště/konektor-2-mennekes-22kw,2019-07-08T17:29:00,2019-07-08T19:13:00,6.063,KWH
https://data.zdarns.cz/zdroj/centrální-parkoviště/konektor-2-mennekes-22kw,2019-07-02T09:20:00,2019-07-02T10:09:00,5.426,KWH
https://data.zdarns.cz/zdroj/centrální-parkoviště/konektor-2-mennekes-22kw,2019-07-01T17:34:00,2019-07-01T17:50:00,0.930,KWH
https://data.zdarns.cz/zdroj/centrální-parkoviště/zasuvka-230v,2019-07-16T19:07:00,2019-07-16T19:19:00,0.108,KWH
https://data.zdarns.cz/zdroj/centrální-parkoviště/zasuvka-230v,2019-07-11T19:58:00,2019-07-11T20:05:00,0.094,KWH
https://data.zdarns.cz/zdroj/centrální-parkoviště/zasuvka-230v,2019-07-08T17:57:00,2019-07-08T19:08:00,0.040,KWH
https://data.zdarns.cz/zdroj/centrální-parkoviště/zasuvka-230v,2019-07-06T17:34:00,2019-07-06T19:06:00,4.266,KWH
https://data.zdarns.cz/zdroj/centrální-parkoviště/konektor-2-mennekes-22kw,2019-08-30T12:58:00,2019-08-30T14:13:00,8.811,KWH
https://data.zdarns.cz/zdroj/centrální-parkoviště/konektor-2-mennekes-22kw,2019-08-30T07:41:00,2019-08-30T08:03:00,1.193,KWH
https://data.zdarns.cz/zdroj/centrální-parkoviště/konektor-2-mennekes-22kw,2019-08-29T10:45:00,2019-08-29T14:01:00,15.784,KWH
https://data.zdarns.cz/zdroj/centrální-parkoviště/konektor-2-mennekes-22kw,2019-08-27T20:32:00,2019-08-27T20:40:00,0.435,KWH
https://data.zdarns.cz/zdroj/centrální-parkoviště/konektor-2-mennekes-22kw,2019-08-26T11:52:00,2019-08-26T11:53:00,0.059,KWH
https://data.zdarns.cz/zdroj/centrální-parkoviště/konektor-2-mennekes-22kw,2019-08-26T11:35:00,2019-08-26T11:38:00,0.180,KWH
https://data.zdarns.cz/zdroj/centrální-parkoviště/konektor-2-mennekes-22kw,2019-08-25T15:54:00,2019-08-25T17:20:00,9.453,KWH
https://data.zdarns.cz/zdroj/centrální-parkoviště/konektor-2-mennekes-22kw,2019-08-25T12:33:00,2019-08-25T13:41:00,3.903,KWH
https://data.zdarns.cz/zdroj/centrální-parkoviště/konektor-2-mennekes-22kw,2019-08-25T11:05:00,2019-08-25T11:14:00,0.525,KWH
https://data.zdarns.cz/zdroj/centrální-parkoviště/konektor-2-mennekes-22kw,2019-08-24T16:18:00,2019-08-24T17:52:00,26.679,KWH
https://data.zdarns.cz/zdroj/centrální-parkoviště/konektor-2-mennekes-22kw,2019-08-24T16:16:00,2019-08-24T16:17:00,0.283,KWH
https://data.zdarns.cz/zdroj/centrální-parkoviště/konektor-2-mennekes-22kw,2019-08-23T20:46:00,2019-08-23T20:48:00,0.073,KWH
https://data.zdarns.cz/zdroj/centrální-parkoviště/konektor-2-mennekes-22kw,2019-08-23T20:44:00,2019-08-23T20:45:00,0.031,KWH
https://data.zdarns.cz/zdroj/centrální-parkoviště/konektor-2-mennekes-22kw,2019-08-23T20:40:00,2019-08-23T20:42:00,0.123,KWH
https://data.zdarns.cz/zdroj/centrální-parkoviště/konektor-2-mennekes-22kw,2019-08-23T20:28:00,2019-08-23T20:37:00,0.480,KWH
https://data.zdarns.cz/zdroj/centrální-parkoviště/konektor-2-mennekes-22kw,2019-08-23T18:18:00,2019-08-23T20:13:00,6.569,KWH
https://data.zdarns.cz/zdroj/centrální-parkoviště/konektor-2-mennekes-22kw,2019-08-23T14:51:00,2019-08-23T15:14:00,1.349,KWH
https://data.zdarns.cz/zdroj/centrální-parkoviště/konektor-2-mennekes-22kw,2019-08-21T09:26:00,2019-08-21T12:29:00,14.594,KWH
https://data.zdarns.cz/zdroj/centrální-parkoviště/konektor-2-mennekes-22kw,2019-08-19T17:12:00,2019-08-19T17:41:00,1.468,KWH
https://data.zdarns.cz/zdroj/centrální-parkoviště/konektor-2-mennekes-22kw,2019-08-18T19:17:00,2019-08-18T19:55:00,2.025,KWH
https://data.zdarns.cz/zdroj/centrální-parkoviště/konektor-2-mennekes-22kw,2019-08-18T14:02:00,2019-08-18T16:41:00,45.110,KWH
https://data.zdarns.cz/zdroj/centrální-parkoviště/konektor-2-mennekes-22kw,2019-08-17T14:23:00,2019-08-17T15:51:00,6.574,KWH
https://data.zdarns.cz/zdroj/centrální-parkoviště/konektor-2-mennekes-22kw,2019-08-15T19:10:00,2019-08-15T19:27:00,2.749,KWH
https://data.zdarns.cz/zdroj/centrální-parkoviště/konektor-2-mennekes-22kw,2019-08-14T09:09:00,2019-08-14T12:30:00,15.723,KWH
https://data.zdarns.cz/zdroj/centrální-parkoviště/konektor-2-mennekes-22kw,2019-08-13T09:40:00,2019-08-13T10:34:00,5.926,KWH
https://data.zdarns.cz/zdroj/centrální-parkoviště/konektor-2-mennekes-22kw,2019-08-10T10:19:00,2019-08-10T11:13:00,3.143,KWH
https://data.zdarns.cz/zdroj/centrální-parkoviště/konektor-2-mennekes-22kw,2019-08-10T10:17:00,2019-08-10T10:18:00,0.001,KWH
https://data.zdarns.cz/zdroj/centrální-parkoviště/konektor-2-mennekes-22kw,2019-08-08T13:52:00,2019-08-08T14:50:00,4.355,KWH
https://data.zdarns.cz/zdroj/centrální-parkoviště/konektor-2-mennekes-22kw,2019-08-05T12:16:00,2019-08-05T12:58:00,4.891,KWH
https://data.zdarns.cz/zdroj/centrální-parkoviště/konektor-2-mennekes-22kw,2019-08-03T14:56:00,2019-08-03T16:35:00,10.919,KWH
https://data.zdarns.cz/zdroj/centrální-parkoviště/konektor-2-mennekes-22kw,2019-08-03T13:51:00,2019-08-03T14:08:00,1.881,KWH
https://data.zdarns.cz/zdroj/centrální-parkoviště/konektor-2-mennekes-22kw,2019-08-01T12:33:00,2019-08-01T13:40:00,7.544,KWH
https://data.zdarns.cz/zdroj/centrální-parkoviště/zasuvka-230v,2019-08-30T13:47:00,2019-08-30T13:54:00,0.240,KWH
https://data.zdarns.cz/zdroj/centrální-parkoviště/zasuvka-230v,2019-08-26T11:33:00,2019-08-26T11:39:00,0.008,KWH
https://data.zdarns.cz/zdroj/centrální-parkoviště/zasuvka-230v,2019-08-23T18:50:00,2019-08-23T19:26:00,1.331,KWH
https://data.zdarns.cz/zdroj/centrální-parkoviště/zasuvka-230v,2019-08-18T19:28:00,2019-08-18T19:38:00,0.103,KWH
https://data.zdarns.cz/zdroj/stará-radnice/stojan-1,2019-08-23T19:26:00,2019-08-23T19:53:00,1.516,KWH
https://data.zdarns.cz/zdroj/stará-radnice/stojan-1,2019-08-23T14:26:00,2019-08-23T14:54:00,1.546,KWH
https://data.zdarns.cz/zdroj/centrální-parkoviště/konektor-2-mennekes-22kw,2019-09-30T18:23:00,2019-09-30T19:23:00,3.353,KWH
https://data.zdarns.cz/zdroj/centrální-parkoviště/konektor-2-mennekes-22kw,2019-09-29T17:21:00,2019-09-29T18:01:00,4.856,KWH
https://data.zdarns.cz/zdroj/centrální-parkoviště/konektor-2-mennekes-22kw,2019-09-27T15:47:00,2019-09-27T22:09:00,46.450,KWH
https://data.zdarns.cz/zdroj/centrální-parkoviště/konektor-2-mennekes-22kw,2019-09-27T11:01:00,2019-09-27T11:24:00,2.471,KWH
https://data.zdarns.cz/zdroj/centrální-parkoviště/konektor-2-mennekes-22kw,2019-09-26T12:19:00,2019-09-26T15:29:00,11.234,KWH
https://data.zdarns.cz/zdroj/centrální-parkoviště/konektor-2-mennekes-22kw,2019-09-26T08:21:00,2019-09-26T08:52:00,2.318,KWH
https://data.zdarns.cz/zdroj/centrální-parkoviště/konektor-2-mennekes-22kw,2019-09-25T18:57:00,2019-09-25T21:34:00,19.020,KWH
https://data.zdarns.cz/zdroj/centrální-parkoviště/konektor-2-mennekes-22kw,2019-09-23T16:00:00,2019-09-23T16:57:00,9.134,KWH
https://data.zdarns.cz/zdroj/centrální-parkoviště/konektor-2-mennekes-22kw,2019-09-22T17:10:00,2019-09-22T20:03:00,10.163,KWH
https://data.zdarns.cz/zdroj/centrální-parkoviště/konektor-2-mennekes-22kw,2019-09-22T12:01:00,2019-09-22T12:38:00,5.024,KWH
https://data.zdarns.cz/zdroj/centrální-parkoviště/konektor-2-mennekes-22kw,2019-09-21T10:26:00,2019-09-21T11:36:00,9.704,KWH
https://data.zdarns.cz/zdroj/centrální-parkoviště/konektor-2-mennekes-22kw,2019-09-20T11:19:00,2019-09-20T14:22:00,10.733,KWH
https://data.zdarns.cz/zdroj/centrální-parkoviště/konektor-2-mennekes-22kw,2019-09-18T18:12:00,2019-09-18T19:34:00,23.114,KWH
https://data.zdarns.cz/zdroj/centrální-parkoviště/konektor-2-mennekes-22kw,2019-09-18T17:48:00,2019-09-18T18:09:00,2.299,KWH
https://data.zdarns.cz/zdroj/centrální-parkoviště/konektor-2-mennekes-22kw,2019-09-18T15:41:00,2019-09-18T16:35:00,10.219,KWH
https://data.zdarns.cz/zdroj/centrální-parkoviště/konektor-2-mennekes-22kw,2019-09-18T14:22:00,2019-09-18T14:46:00,3.781,KWH
https://data.zdarns.cz/zdroj/centrální-parkoviště/konektor-2-mennekes-22kw,2019-09-18T12:19:00,2019-09-18T13:42:00,4.870,KWH
https://data.zdarns.cz/zdroj/centrální-parkoviště/konektor-2-mennekes-22kw,2019-09-18T10:19:00,2019-09-18T12:16:00,12.864,KWH
https://data.zdarns.cz/zdroj/centrální-parkoviště/konektor-2-mennekes-22kw,2019-09-17T20:24:00,2019-09-17T21:24:00,9.643,KWH
https://data.zdarns.cz/zdroj/centrální-parkoviště/konektor-2-mennekes-22kw,2019-09-12T19:37:00,2019-09-12T19:58:00,1.303,KWH
https://data.zdarns.cz/zdroj/centrální-parkoviště/konektor-2-mennekes-22kw,2019-09-11T22:28:00,2019-09-11T23:11:00,2.570,KWH
https://data.zdarns.cz/zdroj/centrální-parkoviště/konektor-2-mennekes-22kw,2019-09-11T22:27:00,2019-09-11T22:27:00,0.001,KWH
https://data.zdarns.cz/zdroj/centrální-parkoviště/konektor-2-mennekes-22kw,2019-09-11T08:41:00,2019-09-11T10:50:00,9.313,KWH
https://data.zdarns.cz/zdroj/centrální-parkoviště/konektor-2-mennekes-22kw,2019-09-10T18:03:00,2019-09-10T18:10:00,0.414,KWH
https://data.zdarns.cz/zdroj/centrální-parkoviště/konektor-2-mennekes-22kw,2019-09-09T19:37:00,2019-09-09T21:50:00,4.541,KWH
https://data.zdarns.cz/zdroj/centrální-parkoviště/konektor-2-mennekes-22kw,2019-09-09T17:04:00,2019-09-09T17:25:00,2.330,KWH
https://data.zdarns.cz/zdroj/centrální-parkoviště/konektor-2-mennekes-22kw,2019-09-08T18:54:00,2019-09-08T19:08:00,2.529,KWH
https://data.zdarns.cz/zdroj/centrální-parkoviště/konektor-2-mennekes-22kw,2019-09-06T21:04:00,2019-09-06T21:35:00,5.709,KWH
https://data.zdarns.cz/zdroj/centrální-parkoviště/konektor-2-mennekes-22kw,2019-09-05T13:50:00,2019-09-05T13:51:00,0.000,KWH
https://data.zdarns.cz/zdroj/centrální-parkoviště/konektor-2-mennekes-22kw,2019-09-05T13:49:00,2019-09-05T13:49:00,0.000,KWH
https://data.zdarns.cz/zdroj/centrální-parkoviště/konektor-2-mennekes-22kw,2019-09-04T13:46:00,2019-09-04T14:08:00,2.593,KWH
https://data.zdarns.cz/zdroj/centrální-parkoviště/konektor-2-mennekes-22kw,2019-09-03T19:24:00,2019-09-03T19:58:00,2.053,KWH
https://data.zdarns.cz/zdroj/centrální-parkoviště/konektor-2-mennekes-22kw,2019-09-02T12:37:00,2019-09-02T14:24:00,7.921,KWH
https://data.zdarns.cz/zdroj/centrální-parkoviště/konektor-2-mennekes-22kw,2019-09-02T09:19:00,2019-09-02T10:48:00,6.594,KWH
https://data.zdarns.cz/zdroj/centrální-parkoviště/konektor-2-mennekes-22kw,2019-09-02T07:42:00,2019-09-02T08:17:00,2.611,KWH
https://data.zdarns.cz/zdroj/centrální-parkoviště/zasuvka-230v,2019-09-25T19:32:00,2019-09-25T12:46:00,11.563,KWH
https://data.zdarns.cz/zdroj/centrální-parkoviště/zasuvka-230v,2019-09-21T10:29:00,2019-09-21T10:30:00,0.001,KWH
https://data.zdarns.cz/zdroj/centrální-parkoviště/zasuvka-230v,2019-09-14T09:30:00,2019-09-14T10:00:00,1.636,KWH
https://data.zdarns.cz/zdroj/centrální-parkoviště/konektor-2-mennekes-22kw,2019-01-31T18:27:00,2019-01-31T18:54:00,1.915,KWH
https://data.zdarns.cz/zdroj/centrální-parkoviště/konektor-2-mennekes-22kw,2019-01-31T18:27:00,2019-01-31T18:27:00,0.000,KWH
https://data.zdarns.cz/zdroj/centrální-parkoviště/konektor-2-mennekes-22kw,2019-01-31T17:07:00,2019-01-31T18:26:00,8.675,KWH
https://data.zdarns.cz/zdroj/centrální-parkoviště/konektor-2-mennekes-22kw,2019-01-31T14:00:00,2019-01-31T14:35:00,3.895,KWH
https://data.zdarns.cz/zdroj/centrální-parkoviště/konektor-2-mennekes-22kw,2019-01-31T08:01:00,2019-01-31T09:34:00,7.781,KWH
https://data.zdarns.cz/zdroj/centrální-parkoviště/konektor-2-mennekes-22kw,2019-01-30T16:25:00,2019-01-30T17:08:00,3.249,KWH
https://data.zdarns.cz/zdroj/centrální-parkoviště/konektor-2-mennekes-22kw,2019-01-30T07:51:00,2019-01-30T10:08:00,12.383,KWH
https://data.zdarns.cz/zdroj/centrální-parkoviště/konektor-2-mennekes-22kw,2019-01-29T14:56:00,2019-01-29T16:09:00,8.074,KWH
https://data.zdarns.cz/zdroj/centrální-parkoviště/konektor-2-mennekes-22kw,2019-01-29T06:51:00,2019-01-29T07:53:00,6.125,KWH
https://data.zdarns.cz/zdroj/centrální-parkoviště/konektor-2-mennekes-22kw,2019-01-28T11:29:00,2019-01-28T13:27:00,10.329,KWH
https://data.zdarns.cz/zdroj/centrální-parkoviště/konektor-2-mennekes-22kw,2019-01-28T10:45:00,2019-01-28T11:27:00,4.634,KWH
https://data.zdarns.cz/zdroj/centrální-parkoviště/konektor-2-mennekes-22kw,2019-01-28T08:38:00,2019-01-28T09:51:00,5.458,KWH
https://data.zdarns.cz/zdroj/centrální-parkoviště/konektor-2-mennekes-22kw,2019-01-28T07:45:00,2019-01-28T08:26:00,4.453,KWH
https://data.zdarns.cz/zdroj/centrální-parkoviště/konektor-2-mennekes-22kw,2019-01-25T19:00:00,2019-01-25T20:46:00,11.446,KWH
https://data.zdarns.cz/zdroj/centrální-parkoviště/konektor-2-mennekes-22kw,2019-01-25T18:25:00,2019-01-25T18:45:00,2.170,KWH
https://data.zdarns.cz/zdroj/centrální-parkoviště/konektor-2-mennekes-22kw,2019-01-25T13:06:00,2019-01-25T14:07:00,4.715,KWH
https://data.zdarns.cz/zdroj/centrální-parkoviště/konektor-2-mennekes-22kw,2019-01-22T18:38:00,2019-01-22T19:24:00,5.004,KWH
https://data.zdarns.cz/zdroj/centrální-parkoviště/konektor-2-mennekes-22kw,2019-01-22T16:58:00,2019-01-22T18:12:00,8.223,KWH
https://data.zdarns.cz/zdroj/centrální-parkoviště/konektor-2-mennekes-22kw,2019-01-20T10:29:00,2019-01-20T12:07:00,7.333,KWH
https://data.zdarns.cz/zdroj/centrální-parkoviště/konektor-2-mennekes-22kw,2019-01-19T11:12:00,2019-01-19T11:57:00,2.051,KWH
https://data.zdarns.cz/zdroj/centrální-parkoviště/konektor-2-mennekes-22kw,2019-01-19T11:03:00,2019-01-19T11:10:00,0.411,KWH
https://data.zdarns.cz/zdroj/centrální-parkoviště/konektor-2-mennekes-22kw,2019-01-18T14:46:00,2019-01-18T15:56:00,3.756,KWH
https://data.zdarns.cz/zdroj/centrální-parkoviště/konektor-2-mennekes-22kw,2019-01-18T10:02:00,2019-01-18T10:27:00,1.921,KWH
https://data.zdarns.cz/zdroj/centrální-parkoviště/konektor-2-mennekes-22kw,2019-01-17T19:31:00,2019-01-17T19:55:00,1.905,KWH
https://data.zdarns.cz/zdroj/centrální-parkoviště/konektor-2-mennekes-22kw,2019-01-17T09:38:00,2019-01-17T10:44:00,7.283,KWH
https://data.zdarns.cz/zdroj/centrální-parkoviště/konektor-2-mennekes-22kw,2019-01-16T09:14:00,2019-01-16T10:08:00,3.740,KWH
https://data.zdarns.cz/zdroj/centrální-parkoviště/konektor-2-mennekes-22kw,2019-01-08T20:00:00,2019-01-08T20:35:00,3.768,KWH
https://data.zdarns.cz/zdroj/centrální-parkoviště/konektor-2-mennekes-22kw,2019-01-08T15:31:00,2019-01-08T16:59:00,6.596,KWH
https://data.zdarns.cz/zdroj/centrální-parkoviště/konektor-2-mennekes-22kw,2019-01-08T15:20:00,2019-01-08T15:31:00,0.818,KWH
https://data.zdarns.cz/zdroj/centrální-parkoviště/konektor-2-mennekes-22kw,2019-01-08T15:06:00,2019-01-08T15:15:00,0.645,KWH
https://data.zdarns.cz/zdroj/centrální-parkoviště/konektor-2-mennekes-22kw,2019-01-08T13:11:00,2019-01-08T15:05:00,12.535,KWH
https://data.zdarns.cz/zdroj/centrální-parkoviště/konektor-2-mennekes-22kw,2019-01-08T11:03:00,2019-01-08T12:26:00,9.138,KWH
https://data.zdarns.cz/zdroj/centrální-parkoviště/konektor-2-mennekes-22kw,2019-01-07T07:30:00,2019-01-07T07:49:00,1.996,KWH
https://data.zdarns.cz/zdroj/centrální-parkoviště/konektor-2-mennekes-22kw,2019-01-06T11:49:00,2019-01-06T12:41:00,5.120,KWH
https://data.zdarns.cz/zdroj/centrální-parkoviště/konektor-2-mennekes-22kw,2019-01-04T14:41:00,2019-01-04T15:41:00,6.253,KWH
https://data.zdarns.cz/zdroj/centrální-parkoviště/konektor-2-mennekes-22kw,2019-01-03T19:42:00,2019-01-03T20:24:00,3.558,KWH
https://data.zdarns.cz/zdroj/centrální-parkoviště/konektor-2-mennekes-22kw,2019-01-02T10:17:00,2019-01-02T11:08:00,5.578,KWH
https://data.zdarns.cz/zdroj/centrální-parkoviště/konektor-2-mennekes-22kw,2019-11-30T18:17:00,2019-11-30T19:27:00,7.724,KWH
https://data.zdarns.cz/zdroj/centrální-parkoviště/konektor-2-mennekes-22kw,2019-11-28T23:46:00,2019-11-28T01:22:00,10.350,KWH
https://data.zdarns.cz/zdroj/centrální-parkoviště/konektor-2-mennekes-22kw,2019-11-25T15:51:00,2019-11-25T16:13:00,2.424,KWH
https://data.zdarns.cz/zdroj/centrální-parkoviště/konektor-2-mennekes-22kw,2019-11-25T12:53:00,2019-11-25T14:17:00,9.791,KWH
https://data.zdarns.cz/zdroj/centrální-parkoviště/konektor-2-mennekes-22kw,2019-11-25T08:50:00,2019-11-25T09:15:00,8.918,KWH
https://data.zdarns.cz/zdroj/centrální-parkoviště/konektor-2-mennekes-22kw,2019-11-17T12:18:00,2019-11-17T13:37:00,15.149,KWH
https://data.zdarns.cz/zdroj/centrální-parkoviště/konektor-2-mennekes-22kw,2019-11-17T12:12:00,2019-11-17T12:12:00,0.001,KWH
https://data.zdarns.cz/zdroj/centrální-parkoviště/konektor-2-mennekes-22kw,2019-11-16T14:11:00,2019-11-16T14:13:00,0.000,KWH
https://data.zdarns.cz/zdroj/centrální-parkoviště/konektor-2-mennekes-22kw,2019-11-16T14:10:00,2019-11-16T14:11:00,0.001,KWH
https://data.zdarns.cz/zdroj/centrální-parkoviště/konektor-2-mennekes-22kw,2019-11-16T14:10:00,2019-11-16T14:10:00,0.001,KWH
https://data.zdarns.cz/zdroj/centrální-parkoviště/konektor-2-mennekes-22kw,2019-11-16T13:36:00,2019-11-16T13:37:00,0.000,KWH
https://data.zdarns.cz/zdroj/centrální-parkoviště/konektor-2-mennekes-22kw,2019-11-16T13:35:00,2019-11-16T13:35:00,0.001,KWH
https://data.zdarns.cz/zdroj/centrální-parkoviště/konektor-2-mennekes-22kw,2019-11-16T13:02:00,2019-11-16T13:32:00,8.445,KWH
https://data.zdarns.cz/zdroj/centrální-parkoviště/konektor-2-mennekes-22kw,2019-11-16T12:30:00,2019-11-16T12:48:00,4.784,KWH
https://data.zdarns.cz/zdroj/centrální-parkoviště/konektor-2-mennekes-22kw,2019-11-15T15:22:00,2019-11-15T18:52:00,14.560,KWH
https://data.zdarns.cz/zdroj/centrální-parkoviště/konektor-2-mennekes-22kw,2019-11-07T16:24:00,2019-11-07T18:34:00,14.590,KWH
https://data.zdarns.cz/zdroj/centrální-parkoviště/konektor-2-mennekes-22kw,2019-11-07T08:25:00,2019-11-07T09:00:00,5.620,KWH
https://data.zdarns.cz/zdroj/centrální-parkoviště/konektor-2-mennekes-22kw,2019-11-02T14:01:00,2019-11-02T14:08:00,0.793,KWH
https://data.zdarns.cz/zdroj/centrální-parkoviště/zasuvka-230v,2019-11-28T23:46:00,2019-11-28T23:47:00,0.024,KWH
https://data.zdarns.cz/zdroj/centrální-parkoviště/konektor-2-mennekes-22kw,2019-12-30T08:50:00,2019-12-30T10:47:00,10.754,KWH
https://data.zdarns.cz/zdroj/centrální-parkoviště/konektor-2-mennekes-22kw,2019-12-28T18:32:00,2019-12-28T18:51:00,2.114,KWH
https://data.zdarns.cz/zdroj/centrální-parkoviště/konektor-2-mennekes-22kw,2019-12-28T12:11:00,2019-12-28T15:38:00,56.278,KWH
https://data.zdarns.cz/zdroj/centrální-parkoviště/konektor-2-mennekes-22kw,2019-12-28T12:00:00,2019-12-28T12:08:00,0.931,KWH
https://data.zdarns.cz/zdroj/centrální-parkoviště/konektor-2-mennekes-22kw,2019-12-26T17:27:00,2019-12-26T19:11:00,11.840,KWH
https://data.zdarns.cz/zdroj/centrální-parkoviště/konektor-2-mennekes-22kw,2019-12-26T17:23:00,2019-12-26T17:25:00,0.151,KWH
https://data.zdarns.cz/zdroj/centrální-parkoviště/konektor-2-mennekes-22kw,2019-12-26T15:04:00,2019-12-26T16:12:00,5.638,KWH
https://data.zdarns.cz/zdroj/centrální-parkoviště/konektor-2-mennekes-22kw,2019-12-26T11:22:00,2019-12-26T12:33:00,6.676,KWH
https://data.zdarns.cz/zdroj/centrální-parkoviště/konektor-2-mennekes-22kw,2019-12-24T23:03:00,2019-12-24T00:11:00,7.379,KWH
https://data.zdarns.cz/zdroj/centrální-parkoviště/konektor-2-mennekes-22kw,2019-12-23T12:47:00,2019-12-23T12:48:00,0.001,KWH
https://data.zdarns.cz/zdroj/centrální-parkoviště/konektor-2-mennekes-22kw,2019-12-23T12:46:00,2019-12-23T12:46:00,0.001,KWH
https://data.zdarns.cz/zdroj/centrální-parkoviště/konektor-2-mennekes-22kw,2019-12-23T12:38:00,2019-12-23T12:38:00,0.001,KWH
https://data.zdarns.cz/zdroj/centrální-parkoviště/konektor-2-mennekes-22kw,2019-12-23T12:37:00,2019-12-23T12:37:00,0.001,KWH
https://data.zdarns.cz/zdroj/centrální-parkoviště/konektor-2-mennekes-22kw,2019-12-23T12:15:00,2019-12-23T12:33:00,6.531,KWH
https://data.zdarns.cz/zdroj/centrální-parkoviště/konektor-2-mennekes-22kw,2019-12-23T10:44:00,2019-12-23T12:06:00,9.318,KWH
https://data.zdarns.cz/zdroj/centrální-parkoviště/konektor-2-mennekes-22kw,2019-12-21T14:13:00,2019-12-21T16:27:00,13.416,KWH
https://data.zdarns.cz/zdroj/centrální-parkoviště/konektor-2-mennekes-22kw,2019-12-21T10:15:00,2019-12-21T11:41:00,6.458,KWH
https://data.zdarns.cz/zdroj/centrální-parkoviště/konektor-2-mennekes-22kw,2019-12-21T09:36:00,2019-12-21T10:08:00,2.328,KWH
https://data.zdarns.cz/zdroj/centrální-parkoviště/konektor-2-mennekes-22kw,2019-12-20T13:51:00,2019-12-20T14:24:00,11.998,KWH
https://data.zdarns.cz/zdroj/centrální-parkoviště/konektor-2-mennekes-22kw,2019-12-18T18:55:00,2019-12-18T20:19:00,8.185,KWH
https://data.zdarns.cz/zdroj/centrální-parkoviště/konektor-2-mennekes-22kw,2019-12-18T08:50:00,2019-12-18T10:42:00,12.414,KWH
https://data.zdarns.cz/zdroj/centrální-parkoviště/konektor-2-mennekes-22kw,2019-12-15T21:45:00,2019-12-15T22:12:00,2.843,KWH
https://data.zdarns.cz/zdroj/centrální-parkoviště/konektor-2-mennekes-22kw,2019-12-15T17:39:00,2019-12-15T19:28:00,12.319,KWH
https://data.zdarns.cz/zdroj/centrální-parkoviště/konektor-2-mennekes-22kw,2019-12-15T17:22:00,2019-12-15T17:37:00,1.715,KWH
https://data.zdarns.cz/zdroj/centrální-parkoviště/konektor-2-mennekes-22kw,2019-12-12T19:03:00,2019-12-12T20:17:00,5.543,KWH
https://data.zdarns.cz/zdroj/centrální-parkoviště/konektor-2-mennekes-22kw,2019-12-12T18:56:00,2019-12-12T19:01:00,0.546,KWH
https://data.zdarns.cz/zdroj/centrální-parkoviště/konektor-2-mennekes-22kw,2019-12-12T16:41:00,2019-12-12T18:05:00,9.316,KWH
https://data.zdarns.cz/zdroj/centrální-parkoviště/konektor-2-mennekes-22kw,2019-12-11T17:13:00,2019-12-11T18:28:00,7.436,KWH
https://data.zdarns.cz/zdroj/centrální-parkoviště/konektor-2-mennekes-22kw,2019-12-08T15:18:00,2019-12-08T15:56:00,4.156,KWH
https://data.zdarns.cz/zdroj/centrální-parkoviště/konektor-2-mennekes-22kw,2019-12-08T12:30:00,2019-12-08T14:08:00,5.549,KWH
https://data.zdarns.cz/zdroj/centrální-parkoviště/konektor-2-mennekes-22kw,2019-12-07T15:54:00,2019-12-07T17:59:00,7.363,KWH
https://data.zdarns.cz/zdroj/centrální-parkoviště/konektor-2-mennekes-22kw,2019-12-07T11:47:00,2019-12-07T12:31:00,4.406,KWH
https://data.zdarns.cz/zdroj/centrální-parkoviště/konektor-2-mennekes-22kw,2019-12-05T17:00:00,2019-12-05T17:26:00,7.276,KWH
https://data.zdarns.cz/zdroj/centrální-parkoviště/konektor-2-mennekes-22kw,2019-12-04T19:44:00,2019-12-04T22:15:00,15.141,KWH
https://data.zdarns.cz/zdroj/centrální-parkoviště/konektor-2-mennekes-22kw,2019-12-04T13:01:00,2019-12-04T13:26:00,2.625,KWH
https://data.zdarns.cz/zdroj/centrální-parkoviště/konektor-2-mennekes-22kw,2019-12-03T22:00:00,2019-12-03T22:22:00,2.375,KWH
https://data.zdarns.cz/zdroj/centrální-parkoviště/konektor-2-mennekes-22kw,2019-12-03T14:37:00,2019-12-03T16:06:00,10.309,KWH
https://data.zdarns.cz/zdroj/centrální-parkoviště/konektor-2-mennekes-22kw,2019-12-01T14:25:00,2019-12-01T17:25:00,51.441,KWH
https://data.zdarns.cz/zdroj/centrální-parkoviště/zasuvka-230v,2019-12-15T17:40:00,2019-12-15T18:16:00,1.318,KWH
https://data.zdarns.cz/zdroj/centrální-parkoviště/zasuvka-230v,2019-12-15T14:37:00,2019-12-15T16:49:00,6.041,KWH
https://data.zdarns.cz/zdroj/centrální-parkoviště/zasuvka-230v,2019-12-14T13:47:00,2019-12-14T14:39:00,2.414,KWH
https://data.zdarns.cz/zdroj/centrální-parkoviště/zasuvka-230v,2019-12-14T13:25:00,2019-12-14T13:30:00,0.216,KWH
https://data.zdarns.cz/zdroj/centrální-parkoviště/zasuvka-230v,2019-12-12T18:58:00,2019-12-12T19:03:00,0.156,KWH
